NAME|CATEGORY|Country|Region|Update
PSD Bank Berlin-Brandenburg eG, Berlin|German PSD|Germany|EU|28/04/2014
PSD Bank Braunschweig eG, Braunschweig|German PSD|Germany|EU|28/04/2014
PSD Bank Hannover eG, Hannover|German PSD|Germany|EU|28/04/2014
PSD Bank Hessen-Thüringen eG, Eschborn|German PSD|Germany|EU|28/04/2014
PSD Bank Karlsruhe-Neustadt eG, Karlsruhe|German PSD|Germany|EU|28/04/2014
PSD Bank Kiel eG, Kiel|German PSD|Germany|EU|28/04/2014
PSD Bank Koblenz eG, Koblenz|German PSD|Germany|EU|28/04/2014
PSD Bank Köln eG, Köln|German PSD|Germany|EU|28/04/2014
PSD Bank München eG, Augsburg|German PSD|Germany|EU|28/04/2014
PSD Bank Nord eG, Hamburg|German PSD|Germany|EU|28/04/2014
PSD Bank Nürnberg eG, Nürnberg|German PSD|Germany|EU|28/04/2014
PSD Bank Regensburg eG, Regensburg|German PSD|Germany|EU|28/04/2014
PSD Bank RheinNeckarSaar eG, Stuttgart|German PSD|Germany|EU|28/04/2014
PSD Bank Rhein-Ruhr eG, Düsseldorf|German PSD|Germany|EU|28/04/2014
PSD Bank Westfalen-Lippe eG, Münster (Westf.),|German PSD|Germany|EU|28/04/2014
