Company,Category,Country
Bank Melli Iran,Commercial banks,Iran
Bank Sepah,Commercial banks,Iran
Post Bank of Iran,Commercial banks,Iran
Bank Maskan,Specialised banks,Iran
Bank of Industry and Mine,Specialised banks,Iran
Export Development Bank of Iran,Specialised banks,Iran
Gharzolhasaneh - Mehr Iran Bank,Specialised banks,Iran
Keshavarzi Bank,Specialised banks,Iran
Tose'e Ta'avon Bank,Specialised banks,Iran
Ansar Bank,Non-government-owned banks,Iran
Ayandeh Bank,Non-government-owned banks,Iran
Bank Mellat,Non-government-owned banks,Iran
Bank Pasargad,Non-government-owned banks,Iran
Bank Saderat Iran,Non-government-owned banks,Iran
City Bank,Non-government-owned banks,Iran
Day Bank,Non-government-owned banks,Iran
EN Bank,Non-government-owned banks,Iran
Hekmat Iranian Bank,Non-government-owned banks,Iran
Iran Zamin Bank,Non-government-owned banks,Iran
Karafarin Bank,Non-government-owned banks,Iran
Parsian Bank,Non-government-owned banks,Iran
Refah Bank,Non-government-owned banks,Iran
Saman Bank,Non-government-owned banks,Iran
Sarmayeh Bank,Non-government-owned banks,Iran
Sina Bank,Non-government-owned banks,Iran
Tejarat Bank,Non-government-owned banks,Iran
Tourism Bank,Non-government-owned banks,Iran
