Company|Category|Country|UPDATE
Bank Melli Iran|Commercial banks|Iran|08/06/2015
Bank Sepah|Commercial banks|Iran|08/06/2015
Post Bank of Iran|Commercial banks|Iran|08/06/2015
Bank Maskan|Specialised banks|Iran|08/06/2015
Bank of Industry and Mine|Specialised banks|Iran|08/06/2015
Export Development Bank of Iran|Specialised banks|Iran|08/06/2015
Gharzolhasaneh - Mehr Iran Bank|Specialised banks|Iran|08/06/2015
Keshavarzi Bank|Specialised banks|Iran|08/06/2015
Tose'e Ta'avon Bank|Specialised banks|Iran|08/06/2015
Ansar Bank|Non-government-owned banks|Iran|08/06/2015
Ayandeh Bank|Non-government-owned banks|Iran|08/06/2015
Bank Mellat|Non-government-owned banks|Iran|08/06/2015
Bank Pasargad|Non-government-owned banks|Iran|08/06/2015
Bank Saderat Iran|Non-government-owned banks|Iran|08/06/2015
City Bank|Non-government-owned banks|Iran|08/06/2015
Day Bank|Non-government-owned banks|Iran|08/06/2015
EN Bank|Non-government-owned banks|Iran|08/06/2015
Hekmat Iranian Bank|Non-government-owned banks|Iran|08/06/2015
Iran Zamin Bank|Non-government-owned banks|Iran|08/06/2015
Karafarin Bank|Non-government-owned banks|Iran|08/06/2015
Parsian Bank|Non-government-owned banks|Iran|08/06/2015
Refah Bank|Non-government-owned banks|Iran|08/06/2015
Saman Bank|Non-government-owned banks|Iran|08/06/2015
Sarmayeh Bank|Non-government-owned banks|Iran|08/06/2015
Sina Bank|Non-government-owned banks|Iran|08/06/2015
Tejarat Bank|Non-government-owned banks|Iran|08/06/2015
Tourism Bank|Non-government-owned banks|Iran|08/06/2015
